{"cameraMode":{"drawMode":0,"name":"Shaded","section":"Shading Mode"},"sceneLighting":false,"audioPlay":false,"sceneViewState":{"m_AlwaysRefresh":false,"showFog":true,"showSkybox":false,"showFlares":true,"showImageEffects":true,"showParticleSystems":true,"showVisualEffectGraphs":true,"m_FxEnabled":true},"in2DMode":false,"pivot":{"x":-0.07939448952674866,"y":-0.1038275808095932,"z":-0.08480161428451538},"rotation":{"x":0.07224659621715546,"y":-0.010159565135836602,"z":0.0007582016405649483,"w":0.997385561466217},"size":2.0170505046844484,"orthographic":false}