{"cameraMode":{"drawMode":0,"name":"Shaded","section":"Shading Mode"},"sceneLighting":false,"audioPlay":false,"sceneViewState":{"m_AlwaysRefresh":false,"showFog":true,"showSkybox":false,"showFlares":true,"showImageEffects":true,"showParticleSystems":true,"showVisualEffectGraphs":true,"m_FxEnabled":true},"in2DMode":false,"pivot":{"x":0.8634859323501587,"y":-1.8041192293167115,"z":1.2713072299957276},"rotation":{"x":0.28744441270828249,"y":0.08779184520244599,"z":-0.026444928720593454,"w":0.9534517526626587},"size":4.691265106201172,"orthographic":false}