{"cameraMode":{"drawMode":0,"name":"Shaded","section":"Shading Mode"},"sceneLighting":false,"audioPlay":false,"sceneViewState":{"m_AlwaysRefresh":false,"showFog":true,"showSkybox":false,"showFlares":true,"showImageEffects":true,"showParticleSystems":true,"showVisualEffectGraphs":true,"m_FxEnabled":true},"in2DMode":false,"pivot":{"x":0.21861600875854493,"y":-0.04508504271507263,"z":1.2861534357070923},"rotation":{"x":0.07224659621715546,"y":-0.010159565135836602,"z":0.0007582016405649483,"w":0.997385561466217},"size":4.691265106201172,"orthographic":false}